﻿Designator,Footprint,Quantity,Value,LCSC Part #
A1,Arduino_Nano,1,Arduino_Nano_v3.x,
"C1, C2",C_Disc_D3.8mm_W2.6mm_P2.50mm,2,101,
C3,C_Disc_D3.8mm_W2.6mm_P2.50mm,1,223,
C4,C_Disc_D3.8mm_W2.6mm_P2.50mm,1,332,
C5,C_Disc_D3.8mm_W2.6mm_P2.50mm,1,225,
C6,C_Disc_D3.8mm_W2.6mm_P2.50mm,1,104,
C7,CP_Radial_D6.3mm_P2.50mm,1,10uF,
"D1, D2, D3, D4, D5, D6",D_DO-35_SOD27_P7.62mm_Horizontal,6,B43,
D7,LED_D5.0mm,1,LED,
"Decay1, Tone1, Tune1",Pot_9mm_DShaft_RemovedPins4_5,3,100K,
J1,EighthInch_PJ398SM_T_TN_S,1,Trig In,
J2,EighthInch_PJ398SM_T_TN_S,1,Decay CV In,
J3,EighthInch_PJ398SM_T_TN_S,1,Tune CV In,
J4,Pins_2x08_2.54mm_TH_EuroPower_Shrouded_Minimal,1,Eurorack_Power_16pin_Shrouded,
J5,EighthInch_PJ398SM_T_TN_S,1,Audio Out,
Q1,TO-92_Inline,1,2SC1815,
"R1, R2, R3, R4, R5, R6",R_Axial_DIN0207_L6.3mm_D2.5mm_P7.62mm_Horizontal,6,1K,
R10,R_Axial_DIN0207_L6.3mm_D2.5mm_P7.62mm_Horizontal,1,33K,
R11,R_Axial_DIN0207_L6.3mm_D2.5mm_P7.62mm_Horizontal,1,470,
R12,R_Axial_DIN0207_L6.3mm_D2.5mm_P7.62mm_Horizontal,1,2.7K,
"R13, R7, R8, R9",R_Axial_DIN0207_L6.3mm_D2.5mm_P7.62mm_Horizontal,4,100K,
